timestamp,device_id,voltage,min_val,max_val,level,decibel,status
1776779486,pico_1,0.0032,2112,2176,64,-60.21,OK
1776779488,pico_1,0.0032,2112,2176,64,-60.21,OK
1776779490,pico_1,0.0032,2112,2176,64,-60.21,OK
1776779492,pico_1,0.0516,1440,2464,1024,-36.12,KRITISK
1776779495,pico_1,0.0991,1440,3408,1968,-30.45,KRITISK
1776779497,pico_1,0.0032,2112,2176,64,-60.21,OK
1776779499,pico_1,0.0032,2112,2176,64,-60.21,OK
1776779501,pico_1,0.004,2096,2176,80,-58.27,OK
1776779503,pico_1,1.1193,1440,23669,22229,-9.39,KRITISK
1776779505,pico_1,0.0048,2096,2192,96,-56.68,OK
1776779507,pico_1,0.0032,2112,2176,64,-60.21,OK
1776779509,pico_1,0.0073,2096,2240,144,-53.16,VARNING
1776779511,pico_1,0.0121,2080,2320,240,-48.73,VARNING
1776779514,pico_1,0.0032,2112,2176,64,-60.21,OK
1776779516,pico_1,0.0153,2064,2368,304,-46.67,VARNING
1776779518,pico_1,0.0032,2112,2176,64,-60.21,OK
1776779520,pico_1,0.004,2096,2176,80,-58.27,OK
1776779522,pico_1,0.004,2112,2192,80,-58.27,OK
1776779524,pico_1,0.0056,2096,2208,112,-55.35,OK
1776779526,pico_1,0.0048,2096,2192,96,-56.68,OK
1776779528,pico_1,0.0032,2112,2176,64,-60.21,OK
1776779530,pico_1,0.0411,1536,2352,816,-38.1,KRITISK
1776779533,pico_1,0.0081,2112,2272,160,-52.25,VARNING
1776779535,pico_1,0.0073,2112,2256,144,-53.16,VARNING
1776779537,pico_1,0.0556,1552,2656,1104,-35.47,KRITISK
1776779539,pico_1,0.0032,2112,2176,64,-60.21,OK
1776779541,pico_1,0.0266,1792,2320,528,-41.88,KRITISK
1776779543,pico_1,0.004,2112,2192,80,-58.27,OK
1776779545,pico_1,0.025,1824,2320,496,-42.42,KRITISK
1776779547,pico_1,0.0032,2112,2176,64,-60.21,OK
1776779549,pico_1,0.0153,1936,2240,304,-46.67,VARNING
1776779552,pico_1,0.004,2096,2176,80,-58.27,OK
1776779554,pico_1,0.004,2112,2192,80,-58.27,OK
1776779556,pico_1,0.0089,2112,2288,176,-51.42,VARNING
1776779558,pico_1,0.004,2112,2192,80,-58.27,OK
1776779560,pico_1,0.004,2096,2176,80,-58.27,OK
1776779562,pico_1,0.0032,2112,2176,64,-60.21,OK
1776779564,pico_1,0.004,2112,2192,80,-58.27,OK
1776779566,pico_1,0.0064,2096,2224,128,-54.19,VARNING
1776779568,pico_1,0.0032,2112,2176,64,-60.21,OK
1776779571,pico_1,0.004,2112,2192,80,-58.27,OK
1776779573,pico_1,0.0048,2096,2192,96,-56.68,OK
1776779575,pico_1,0.0064,2064,2192,128,-54.19,VARNING
1776779577,pico_1,0.004,2112,2192,80,-58.27,OK
1776779579,pico_1,0.004,2096,2176,80,-58.27,OK
1776779581,pico_1,0.004,2112,2192,80,-58.27,OK
1776779583,pico_1,0.0032,2112,2176,64,-60.21,OK
1776779585,pico_1,0.0032,2112,2176,64,-60.21,OK
1776779587,pico_1,0.0032,2112,2176,64,-60.21,OK
1776779590,pico_1,0.004,2112,2192,80,-58.27,OK
1776779592,pico_1,0.0032,2112,2176,64,-60.21,OK
1776779594,pico_1,0.004,2112,2192,80,-58.27,OK
1776779596,pico_1,0.0129,1936,2192,256,-48.16,VARNING
1776779598,pico_1,0.004,2096,2176,80,-58.27,OK
1776779600,pico_1,0.0032,2112,2176,64,-60.21,OK
1776779602,pico_1,0.0032,2112,2176,64,-60.21,OK
1776779604,pico_1,0.004,2096,2176,80,-58.27,OK
1776779606,pico_1,0.004,2096,2176,80,-58.27,OK
1776779609,pico_1,0.004,2112,2192,80,-58.27,OK
1776779611,pico_1,0.0032,2112,2176,64,-60.21,OK
1776779613,pico_1,0.0032,2112,2176,64,-60.21,OK
1776779615,pico_1,0.004,2112,2192,80,-58.27,OK
1776779617,pico_1,0.0032,2112,2176,64,-60.21,OK
1776779619,pico_1,0.0048,2112,2208,96,-56.68,OK
1776779621,pico_1,0.004,2096,2176,80,-58.27,OK
1776779623,pico_1,0.0032,2112,2176,64,-60.21,OK
1776779625,pico_1,0.0048,2096,2192,96,-56.68,OK
1776779628,pico_1,0.0032,2112,2176,64,-60.21,OK
1776779630,pico_1,0.0032,2112,2176,64,-60.21,OK
1776779632,pico_1,0.0032,2112,2176,64,-60.21,OK
1776779634,pico_1,0.0048,2080,2176,96,-56.68,OK
1776779636,pico_1,0.0032,2112,2176,64,-60.21,OK
1776779638,pico_1,0.004,2112,2192,80,-58.27,OK
1776779640,pico_1,0.004,2112,2192,80,-58.27,OK
1776779642,pico_1,0.004,2112,2192,80,-58.27,OK
1776779644,pico_1,0.0048,2080,2176,96,-56.68,OK
1776779647,pico_1,0.0056,2096,2208,112,-55.35,OK
1776779649,pico_1,0.0032,2112,2176,64,-60.21,OK
1776779651,pico_1,0.0056,2112,2224,112,-55.35,OK
1776779653,pico_1,0.0048,2096,2192,96,-56.68,OK
1776779655,pico_1,0.0048,2112,2208,96,-56.68,OK
1776779657,pico_1,0.0081,2112,2272,160,-52.25,VARNING
1776779659,pico_1,0.0064,2080,2208,128,-54.19,VARNING
1776779881,pico_1,0.0032,2112,2176,64,-60.21,OK
1776779883,pico_1,0.0048,2112,2208,96,-56.68,OK
1776779885,pico_1,0.0153,2128,2432,304,-46.67,VARNING
1776779887,pico_1,0.0024,2128,2176,48,-62.7,OK
1776779889,pico_1,0.0032,2112,2176,64,-60.21,OK
1776779891,pico_1,0.0032,2112,2176,64,-60.21,OK
1776779894,pico_1,0.0097,1984,2176,192,-50.66,VARNING
1776779896,pico_1,0.0032,2112,2176,64,-60.21,OK
1776779898,pico_1,0.0032,2112,2176,64,-60.21,OK
1776779900,pico_1,0.0032,2112,2176,64,-60.21,OK
1776779902,pico_1,0.0032,2112,2176,64,-60.21,OK
1776779904,pico_1,0.0032,2112,2176,64,-60.21,OK
1776779906,pico_1,0.0032,2112,2176,64,-60.21,OK
1776779908,pico_1,0.0032,2112,2176,64,-60.21,OK
1776779910,pico_1,0.0032,2112,2176,64,-60.21,OK
1776779913,pico_1,0.0024,2112,2160,48,-62.7,OK
1776779915,pico_1,0.0032,2112,2176,64,-60.21,OK
1776779917,pico_1,0.004,2112,2192,80,-58.27,OK
1776779919,pico_1,0.0032,2112,2176,64,-60.21,OK
1776779921,pico_1,0.0032,2112,2176,64,-60.21,OK
1776779923,pico_1,0.0032,2112,2176,64,-60.21,OK
1776779925,pico_1,0.0032,2112,2176,64,-60.21,OK
1776779927,pico_1,0.0032,2112,2176,64,-60.21,OK
1776779929,pico_1,0.0032,2112,2176,64,-60.21,OK
1776779932,pico_1,0.0032,2112,2176,64,-60.21,OK
1776779934,pico_1,0.0032,2112,2176,64,-60.21,OK
1776779936,pico_1,0.0032,2112,2176,64,-60.21,OK
1776779938,pico_1,0.004,2096,2176,80,-58.27,OK
1776779940,pico_1,0.0024,2128,2176,48,-62.7,OK
1776779942,pico_1,0.0032,2112,2176,64,-60.21,OK
1776779944,pico_1,0.0032,2112,2176,64,-60.21,OK
1776779946,pico_1,0.0032,2112,2176,64,-60.21,OK
1776779948,pico_1,0.0032,2112,2176,64,-60.21,OK
1776779951,pico_1,0.0032,2112,2176,64,-60.21,OK
1776779953,pico_1,0.0032,2112,2176,64,-60.21,OK
1776779955,pico_1,0.0032,2112,2176,64,-60.21,OK
1776779957,pico_1,0.0032,2112,2176,64,-60.21,OK
1776779959,pico_1,0.0032,2112,2176,64,-60.21,OK
1776779961,pico_1,0.0032,2112,2176,64,-60.21,OK
1776779963,pico_1,0.0024,2128,2176,48,-62.7,OK
1776779965,pico_1,0.0024,2128,2176,48,-62.7,OK
1776779967,pico_1,0.0032,2112,2176,64,-60.21,OK
1776779970,pico_1,0.0032,2112,2176,64,-60.21,OK
1776779972,pico_1,0.0032,2112,2176,64,-60.21,OK
1776779974,pico_1,0.0032,2112,2176,64,-60.21,OK
1776779976,pico_1,0.0032,2112,2176,64,-60.21,OK
1776779978,pico_1,0.0032,2112,2176,64,-60.21,OK
1776779980,pico_1,0.0032,2112,2176,64,-60.21,OK
1776779982,pico_1,0.004,2112,2192,80,-58.27,OK
1776779984,pico_1,0.004,2112,2192,80,-58.27,OK
1776779986,pico_1,0.0048,2080,2176,96,-56.68,OK
1776779989,pico_1,0.0032,2112,2176,64,-60.21,OK
1776779991,pico_1,0.0032,2112,2176,64,-60.21,OK
1776779993,pico_1,0.0032,2112,2176,64,-60.21,OK
1776779995,pico_1,0.0032,2112,2176,64,-60.21,OK
1776779997,pico_1,0.0032,2112,2176,64,-60.21,OK
1776779999,pico_1,0.0032,2112,2176,64,-60.21,OK
1776780001,pico_1,0.004,2112,2192,80,-58.27,OK
1776780003,pico_1,0.0032,2112,2176,64,-60.21,OK
1776780005,pico_1,0.0073,2080,2224,144,-53.16,VARNING
1776780008,pico_1,0.0032,2112,2176,64,-60.21,OK
1776780010,pico_1,0.0105,2112,2320,208,-49.97,VARNING
1776780012,pico_1,0.0032,2112,2176,64,-60.21,OK
1776780014,pico_1,0.0048,2096,2192,96,-56.68,OK
1776780016,pico_1,0.0064,2096,2224,128,-54.19,VARNING
1776780018,pico_1,0.0032,2112,2176,64,-60.21,OK
1776780020,pico_1,0.8703,1376,18660,17284,-11.58,KRITISK
1776780022,pico_1,0.0032,2112,2176,64,-60.21,OK
1776780024,pico_1,0.0032,2112,2176,64,-60.21,OK
1776780027,pico_1,0.0032,2112,2176,64,-60.21,OK
1776780029,pico_1,0.004,2112,2192,80,-58.27,OK
1776780031,pico_1,0.0032,2112,2176,64,-60.21,OK
1776780033,pico_1,0.0032,2112,2176,64,-60.21,OK
1776780035,pico_1,0.004,2112,2192,80,-58.27,OK
1776780037,pico_1,0.0032,2112,2176,64,-60.21,OK
1776780039,pico_1,0.0032,2112,2176,64,-60.21,OK
1776780041,pico_1,0.0032,2112,2176,64,-60.21,OK
1776780043,pico_1,0.0032,2112,2176,64,-60.21,OK
1776780046,pico_1,0.0032,2112,2176,64,-60.21,OK
1776780048,pico_1,0.0032,2112,2176,64,-60.21,OK
1776780050,pico_1,0.0032,2112,2176,64,-60.21,OK
1776780052,pico_1,0.0032,2112,2176,64,-60.21,OK
1776780054,pico_1,0.0032,2112,2176,64,-60.21,OK
1776780056,pico_1,0.0032,2112,2176,64,-60.21,OK
1776780058,pico_1,0.0032,2112,2176,64,-60.21,OK
1776780060,pico_1,0.0032,2112,2176,64,-60.21,OK
1776780062,pico_1,0.0032,2112,2176,64,-60.21,OK
1776780065,pico_1,0.0032,2112,2176,64,-60.21,OK
1776780067,pico_1,0.0032,2112,2176,64,-60.21,OK
1776780069,pico_1,0.0032,2112,2176,64,-60.21,OK
1776780071,pico_1,0.0032,2112,2176,64,-60.21,OK
1776780073,pico_1,0.0032,2112,2176,64,-60.21,OK
1776780075,pico_1,0.0032,2112,2176,64,-60.21,OK
1776780077,pico_1,0.0032,2112,2176,64,-60.21,OK
1776780079,pico_1,0.0032,2112,2176,64,-60.21,OK
1776780081,pico_1,0.0024,2128,2176,48,-62.7,OK
1776780084,pico_1,0.004,2096,2176,80,-58.27,OK
1776780086,pico_1,0.0032,2112,2176,64,-60.21,OK
1776780088,pico_1,0.0032,2112,2176,64,-60.21,OK
1776780090,pico_1,0.0032,2112,2176,64,-60.21,OK
1776780092,pico_1,0.0032,2112,2176,64,-60.21,OK
1776780094,pico_1,0.0032,2112,2176,64,-60.21,OK
1776780096,pico_1,0.0032,2112,2176,64,-60.21,OK
1776780098,pico_1,0.0032,2112,2176,64,-60.21,OK
1776780100,pico_1,0.0032,2112,2176,64,-60.21,OK
1776780103,pico_1,0.0056,2080,2192,112,-55.35,OK
1776780105,pico_1,0.0032,2112,2176,64,-60.21,OK
1776780107,pico_1,0.0048,2096,2192,96,-56.68,OK
1776780109,pico_1,0.004,2096,2176,80,-58.27,OK
1776780111,pico_1,0.004,2096,2176,80,-58.27,OK
1776780113,pico_1,0.0032,2112,2176,64,-60.21,OK
1776780115,pico_1,0.0032,2112,2176,64,-60.21,OK
1776780117,pico_1,0.004,2112,2192,80,-58.27,OK
1776780119,pico_1,0.0032,2112,2176,64,-60.21,OK
1776780122,pico_1,0.0032,2112,2176,64,-60.21,OK
1776780124,pico_1,0.0032,2112,2176,64,-60.21,OK
1776780126,pico_1,0.004,2112,2192,80,-58.27,OK
1776780128,pico_1,0.004,2112,2192,80,-58.27,OK
1776780130,pico_1,0.0056,2096,2208,112,-55.35,OK
1776780132,pico_1,0.0032,2112,2176,64,-60.21,OK
1776780134,pico_1,0.0032,2112,2176,64,-60.21,OK
1776780136,pico_1,0.004,2096,2176,80,-58.27,OK
1776780138,pico_1,0.004,2112,2192,80,-58.27,OK
1776780141,pico_1,0.0048,2096,2192,96,-56.68,OK
1776780143,pico_1,0.0048,2096,2192,96,-56.68,OK
1776780145,pico_1,0.0032,2112,2176,64,-60.21,OK
1776780147,pico_1,0.004,2112,2192,80,-58.27,OK
1776780149,pico_1,0.0032,2112,2176,64,-60.21,OK
1776780151,pico_1,0.004,2112,2192,80,-58.27,OK
1776780153,pico_1,0.0032,2112,2176,64,-60.21,OK
1776780155,pico_1,0.0032,2128,2192,64,-60.21,OK
1776780157,pico_1,0.0048,2096,2192,96,-56.68,OK
1776780160,pico_1,0.004,2112,2192,80,-58.27,OK
1776780162,pico_1,0.0032,2112,2176,64,-60.21,OK
1776780164,pico_1,0.0048,2096,2192,96,-56.68,OK
1776780166,pico_1,0.0032,2112,2176,64,-60.21,OK
1776780168,pico_1,0.0032,2112,2176,64,-60.21,OK
1776780170,pico_1,0.0032,2112,2176,64,-60.21,OK
1776780172,pico_1,0.0032,2112,2176,64,-60.21,OK
1776780174,pico_1,0.0048,2112,2208,96,-56.68,OK
1776780176,pico_1,0.0032,2112,2176,64,-60.21,OK
1776780179,pico_1,0.004,2112,2192,80,-58.27,OK
1776780181,pico_1,0.0048,2096,2192,96,-56.68,OK
1776780183,pico_1,0.0032,2112,2176,64,-60.21,OK
1776780185,pico_1,0.0048,2096,2192,96,-56.68,OK
1776780187,pico_1,0.0048,2096,2192,96,-56.68,OK
1776780189,pico_1,0.0032,2112,2176,64,-60.21,OK
1776780191,pico_1,0.0056,2080,2192,112,-55.35,OK
1776780193,pico_1,0.0032,2112,2176,64,-60.21,OK
1776780195,pico_1,0.004,2112,2192,80,-58.27,OK
1776780198,pico_1,0.0032,2112,2176,64,-60.21,OK
1776780200,pico_1,0.0032,2112,2176,64,-60.21,OK
1776780202,pico_1,0.0032,2112,2176,64,-60.21,OK
1776780204,pico_1,0.0032,2112,2176,64,-60.21,OK
1776780206,pico_1,0.0032,2112,2176,64,-60.21,OK
1776780208,pico_1,0.0032,2112,2176,64,-60.21,OK
1776780210,pico_1,0.0089,2016,2192,176,-51.42,VARNING
1776780212,pico_1,0.0056,2080,2192,112,-55.35,OK
1776780214,pico_1,0.0032,2112,2176,64,-60.21,OK
1776780217,pico_1,0.0032,2112,2176,64,-60.21,OK
1776780219,pico_1,0.0032,2112,2176,64,-60.21,OK
1776780221,pico_1,0.0032,2112,2176,64,-60.21,OK
1776780223,pico_1,0.0032,2112,2176,64,-60.21,OK
1776780225,pico_1,0.0032,2112,2176,64,-60.21,OK
1776780227,pico_1,0.0032,2112,2176,64,-60.21,OK
1776780229,pico_1,0.0024,2128,2176,48,-62.7,OK
1776780231,pico_1,0.0048,2080,2176,96,-56.68,OK
1776780233,pico_1,0.0032,2112,2176,64,-60.21,OK
1776780236,pico_1,0.004,2112,2192,80,-58.27,OK
1776780238,pico_1,0.0048,2096,2192,96,-56.68,OK
1776780240,pico_1,0.0032,2112,2176,64,-60.21,OK
1776780242,pico_1,0.0048,2096,2192,96,-56.68,OK
1776780244,pico_1,0.0032,2112,2176,64,-60.21,OK
1776780246,pico_1,0.0032,2128,2192,64,-60.21,OK
1776780248,pico_1,0.0048,2112,2208,96,-56.68,OK
1776780250,pico_1,0.004,2112,2192,80,-58.27,OK
1776780252,pico_1,0.004,2112,2192,80,-58.27,OK
1776780255,pico_1,0.0032,2112,2176,64,-60.21,OK
1776780257,pico_1,0.0032,2112,2176,64,-60.21,OK
1776780259,pico_1,0.004,2096,2176,80,-58.27,OK
1776780261,pico_1,0.004,2112,2192,80,-58.27,OK
1776780263,pico_1,0.0032,2112,2176,64,-60.21,OK
1776780265,pico_1,0.0032,2112,2176,64,-60.21,OK
1776780267,pico_1,0.004,2112,2192,80,-58.27,OK
1776780269,pico_1,0.0056,2112,2224,112,-55.35,OK
1776780271,pico_1,0.0032,2112,2176,64,-60.21,OK
1776780274,pico_1,0.0032,2112,2176,64,-60.21,OK
1776780276,pico_1,0.0032,2112,2176,64,-60.21,OK
1776780278,pico_1,0.0032,2112,2176,64,-60.21,OK
1776780280,pico_1,0.004,2096,2176,80,-58.27,OK
1776780282,pico_1,0.0032,2112,2176,64,-60.21,OK
1776780284,pico_1,0.0032,2112,2176,64,-60.21,OK
1776780286,pico_1,0.0032,2112,2176,64,-60.21,OK
1776780288,pico_1,0.0032,2112,2176,64,-60.21,OK
1776780290,pico_1,0.0032,2112,2176,64,-60.21,OK
1776780293,pico_1,0.004,2112,2192,80,-58.27,OK
1776780295,pico_1,0.0032,2112,2176,64,-60.21,OK
1776780297,pico_1,0.0032,2112,2176,64,-60.21,OK
1776780299,pico_1,0.004,2096,2176,80,-58.27,OK
1776780301,pico_1,0.0032,2112,2176,64,-60.21,OK
1776780303,pico_1,0.0032,2112,2176,64,-60.21,OK
1776780305,pico_1,0.0032,2112,2176,64,-60.21,OK
1776780307,pico_1,0.0032,2112,2176,64,-60.21,OK
1776780309,pico_1,0.0032,2112,2176,64,-60.21,OK
1776780312,pico_1,0.0032,2112,2176,64,-60.21,OK
1776780314,pico_1,0.0032,2112,2176,64,-60.21,OK
1776780316,pico_1,0.0032,2112,2176,64,-60.21,OK
1776780318,pico_1,0.0032,2112,2176,64,-60.21,OK
1776780320,pico_1,0.0032,2112,2176,64,-60.21,OK
1776780322,pico_1,0.0032,2112,2176,64,-60.21,OK
1776780324,pico_1,0.0032,2112,2176,64,-60.21,OK
1776780326,pico_1,0.0032,2112,2176,64,-60.21,OK
1776780328,pico_1,0.0064,2048,2176,128,-54.19,VARNING
1776780331,pico_1,0.0032,2112,2176,64,-60.21,OK
1776780333,pico_1,0.0032,2112,2176,64,-60.21,OK
1776780335,pico_1,0.0032,2112,2176,64,-60.21,OK
1776780337,pico_1,0.0032,2112,2176,64,-60.21,OK
1776780339,pico_1,0.0032,2112,2176,64,-60.21,OK
1776780341,pico_1,0.0032,2112,2176,64,-60.21,OK
1776780343,pico_1,0.0032,2112,2176,64,-60.21,OK
1776780345,pico_1,0.0024,2112,2160,48,-62.7,OK
1776780347,pico_1,0.0032,2112,2176,64,-60.21,OK
1776780350,pico_1,0.0032,2112,2176,64,-60.21,OK
1776780352,pico_1,0.0032,2112,2176,64,-60.21,OK
1776780354,pico_1,0.0032,2112,2176,64,-60.21,OK
1776780356,pico_1,0.0032,2112,2176,64,-60.21,OK
1776780358,pico_1,0.0032,2112,2176,64,-60.21,OK
1776780360,pico_1,0.0032,2112,2176,64,-60.21,OK
1776780362,pico_1,0.0032,2112,2176,64,-60.21,OK
1776780364,pico_1,0.0032,2112,2176,64,-60.21,OK
1776780366,pico_1,0.0032,2112,2176,64,-60.21,OK
1776780369,pico_1,0.0032,2112,2176,64,-60.21,OK
1776780371,pico_1,0.0032,2112,2176,64,-60.21,OK
1776780373,pico_1,0.0032,2112,2176,64,-60.21,OK
1776780375,pico_1,0.004,2112,2192,80,-58.27,OK
1776780377,pico_1,0.0032,2112,2176,64,-60.21,OK
1776780379,pico_1,0.0032,2112,2176,64,-60.21,OK
1776780381,pico_1,0.0032,2112,2176,64,-60.21,OK
1776780383,pico_1,0.0032,2112,2176,64,-60.21,OK
1776780385,pico_1,0.0032,2112,2176,64,-60.21,OK
1776780388,pico_1,0.0032,2112,2176,64,-60.21,OK
1776780390,pico_1,0.0032,2112,2176,64,-60.21,OK
1776780392,pico_1,0.0032,2112,2176,64,-60.21,OK
1776780394,pico_1,0.0032,2112,2176,64,-60.21,OK
1776780396,pico_1,0.0032,2112,2176,64,-60.21,OK
1776780398,pico_1,0.0032,2112,2176,64,-60.21,OK
1776780400,pico_1,0.0032,2112,2176,64,-60.21,OK
1776780402,pico_1,0.0032,2112,2176,64,-60.21,OK
1776780404,pico_1,0.0032,2112,2176,64,-60.21,OK
1776780407,pico_1,0.004,2096,2176,80,-58.27,OK
1776780409,pico_1,0.0032,2112,2176,64,-60.21,OK
1776780411,pico_1,0.0032,2112,2176,64,-60.21,OK
1776780413,pico_1,0.0032,2112,2176,64,-60.21,OK
1776780415,pico_1,0.0032,2112,2176,64,-60.21,OK
1776780417,pico_1,0.0032,2112,2176,64,-60.21,OK
1776780419,pico_1,0.0032,2112,2176,64,-60.21,OK
1776780421,pico_1,0.0032,2112,2176,64,-60.21,OK
1776780423,pico_1,0.0032,2112,2176,64,-60.21,OK
1776780426,pico_1,0.0032,2112,2176,64,-60.21,OK
1776780428,pico_1,0.0032,2112,2176,64,-60.21,OK
1776780430,pico_1,0.0032,2112,2176,64,-60.21,OK
1776780432,pico_1,0.0032,2112,2176,64,-60.21,OK
1776780434,pico_1,0.0032,2112,2176,64,-60.21,OK
1776780436,pico_1,0.0032,2112,2176,64,-60.21,OK
1776780438,pico_1,0.0032,2112,2176,64,-60.21,OK
1776780440,pico_1,0.0032,2112,2176,64,-60.21,OK
1776780442,pico_1,0.0032,2112,2176,64,-60.21,OK
1776780445,pico_1,0.0032,2112,2176,64,-60.21,OK
1776780447,pico_1,0.0032,2112,2176,64,-60.21,OK
1776780449,pico_1,0.0032,2112,2176,64,-60.21,OK
1776780451,pico_1,0.0032,2112,2176,64,-60.21,OK
1776780453,pico_1,0.0032,2112,2176,64,-60.21,OK
1776780455,pico_1,0.0032,2112,2176,64,-60.21,OK
1776780457,pico_1,0.004,2112,2192,80,-58.27,OK
1776780459,pico_1,0.0032,2112,2176,64,-60.21,OK
1776780461,pico_1,0.0032,2112,2176,64,-60.21,OK
1776780464,pico_1,0.0032,2112,2176,64,-60.21,OK
1776780466,pico_1,0.004,2112,2192,80,-58.27,OK
1776780468,pico_1,0.0032,2112,2176,64,-60.21,OK
1776780470,pico_1,0.0032,2112,2176,64,-60.21,OK
1776780472,pico_1,0.0032,2112,2176,64,-60.21,OK
1776780474,pico_1,0.0032,2112,2176,64,-60.21,OK
1776780476,pico_1,0.0024,2128,2176,48,-62.7,OK
1776780478,pico_1,0.0032,2112,2176,64,-60.21,OK
1776780480,pico_1,0.0032,2112,2176,64,-60.21,OK
1776780483,pico_1,0.0032,2112,2176,64,-60.21,OK
1776780485,pico_1,0.0032,2112,2176,64,-60.21,OK
1776780487,pico_1,0.0032,2112,2176,64,-60.21,OK
1776780489,pico_1,0.0032,2112,2176,64,-60.21,OK
1776780491,pico_1,0.0024,2112,2160,48,-62.7,OK
1776780493,pico_1,0.0032,2112,2176,64,-60.21,OK
1776780495,pico_1,0.0032,2112,2176,64,-60.21,OK
1776780497,pico_1,0.0032,2112,2176,64,-60.21,OK
1776780499,pico_1,0.0032,2112,2176,64,-60.21,OK
1776780502,pico_1,0.0032,2112,2176,64,-60.21,OK
1776780504,pico_1,0.0032,2112,2176,64,-60.21,OK
1776780506,pico_1,0.0032,2112,2176,64,-60.21,OK
1776780508,pico_1,0.0032,2112,2176,64,-60.21,OK
1776780510,pico_1,0.0032,2112,2176,64,-60.21,OK
1776780512,pico_1,0.0032,2112,2176,64,-60.21,OK
1776780514,pico_1,0.004,2112,2192,80,-58.27,OK
1776780516,pico_1,0.0032,2112,2176,64,-60.21,OK
1776780518,pico_1,0.0032,2112,2176,64,-60.21,OK
1776780521,pico_1,0.0032,2112,2176,64,-60.21,OK
1776780523,pico_1,0.0032,2112,2176,64,-60.21,OK
1776780525,pico_1,0.0032,2112,2176,64,-60.21,OK
1776780527,pico_1,0.0032,2112,2176,64,-60.21,OK
1776780529,pico_1,0.0032,2112,2176,64,-60.21,OK
1776780531,pico_1,0.0032,2112,2176,64,-60.21,OK
1776780533,pico_1,0.0032,2112,2176,64,-60.21,OK
1776780535,pico_1,0.0032,2112,2176,64,-60.21,OK
1776780537,pico_1,0.0032,2112,2176,64,-60.21,OK
1776780540,pico_1,0.0032,2112,2176,64,-60.21,OK
1776780542,pico_1,0.0032,2112,2176,64,-60.21,OK
1776780544,pico_1,0.0032,2112,2176,64,-60.21,OK
1776780546,pico_1,0.004,2112,2192,80,-58.27,OK
1776780548,pico_1,0.0048,2112,2208,96,-56.68,OK
1776780550,pico_1,0.0032,2112,2176,64,-60.21,OK
1776780552,pico_1,0.0024,2128,2176,48,-62.7,OK
1776780554,pico_1,0.004,2112,2192,80,-58.27,OK
1776780556,pico_1,0.0032,2112,2176,64,-60.21,OK
1776780559,pico_1,0.0032,2112,2176,64,-60.21,OK
1776780561,pico_1,0.0032,2112,2176,64,-60.21,OK
1776780563,pico_1,0.004,2112,2192,80,-58.27,OK
1776780565,pico_1,0.0032,2112,2176,64,-60.21,OK
1776780567,pico_1,0.0032,2112,2176,64,-60.21,OK
1776780569,pico_1,0.0032,2112,2176,64,-60.21,OK
1776780571,pico_1,0.004,2112,2192,80,-58.27,OK
1776780573,pico_1,0.0032,2112,2176,64,-60.21,OK
1776780575,pico_1,0.0032,2112,2176,64,-60.21,OK
1776780578,pico_1,0.0177,1888,2240,352,-45.4,VARNING
1776780580,pico_1,0.0032,2112,2176,64,-60.21,OK
1776780582,pico_1,0.004,2112,2192,80,-58.27,OK
1776780584,pico_1,0.1152,1472,3760,2288,-29.14,KRITISK
1776780586,pico_1,0.0177,1968,2320,352,-45.4,VARNING
1776780588,pico_1,0.0032,2112,2176,64,-60.21,OK
1776780590,pico_1,0.0032,2112,2176,64,-60.21,OK
1776780592,pico_1,0.6326,1376,13939,12563,-14.35,KRITISK
1776780594,pico_1,0.6818,1584,15123,13539,-13.7,KRITISK
1776780597,pico_1,0.0338,1856,2528,672,-39.78,KRITISK
1776780599,pico_1,0.0894,1808,3584,1776,-31.34,KRITISK
1776780601,pico_1,0.0073,2096,2240,144,-53.16,VARNING
1776780603,pico_1,0.0346,1952,2640,688,-39.58,KRITISK
1776780605,pico_1,0.0226,2000,2448,448,-43.3,KRITISK
1776780607,pico_1,0.0226,2000,2448,448,-43.3,KRITISK
1776780609,pico_1,0.0032,2112,2176,64,-60.21,OK
1776780611,pico_1,0.0032,2112,2176,64,-60.21,OK
1776780613,pico_1,0.0032,2112,2176,64,-60.21,OK
1776780616,pico_1,0.0032,2112,2176,64,-60.21,OK
1776780618,pico_1,0.0032,2112,2176,64,-60.21,OK
1776780620,pico_1,0.0032,2112,2176,64,-60.21,OK
1776780622,pico_1,0.004,2112,2192,80,-58.27,OK
1776780624,pico_1,0.0032,2112,2176,64,-60.21,OK
1776780626,pico_1,0.0032,2112,2176,64,-60.21,OK
1776780628,pico_1,0.0032,2112,2176,64,-60.21,OK
1776780630,pico_1,0.0032,2112,2176,64,-60.21,OK
1776780632,pico_1,0.004,2112,2192,80,-58.27,OK
1776780635,pico_1,0.0032,2112,2176,64,-60.21,OK
1776780637,pico_1,0.0032,2112,2176,64,-60.21,OK
1776780639,pico_1,0.0032,2112,2176,64,-60.21,OK
1776780641,pico_1,0.0032,2112,2176,64,-60.21,OK
1776780643,pico_1,0.0032,2112,2176,64,-60.21,OK
1776780645,pico_1,0.0032,2112,2176,64,-60.21,OK
1776780647,pico_1,0.0032,2112,2176,64,-60.21,OK
1776780649,pico_1,0.0032,2112,2176,64,-60.21,OK
1776780651,pico_1,0.0032,2112,2176,64,-60.21,OK
1776780654,pico_1,0.0024,2112,2160,48,-62.7,OK
1776780656,pico_1,0.0032,2112,2176,64,-60.21,OK
1776780658,pico_1,0.0024,2112,2160,48,-62.7,OK
1776780660,pico_1,0.0032,2112,2176,64,-60.21,OK
1776780662,pico_1,0.0016,2112,2144,32,-66.23,OK
1776780664,pico_1,0.0032,2112,2176,64,-60.21,OK
1776780666,pico_1,0.0032,2112,2176,64,-60.21,OK
1776780668,pico_1,0.0032,2112,2176,64,-60.21,OK
1776780670,pico_1,0.0032,2112,2176,64,-60.21,OK
1776780673,pico_1,0.0032,2112,2176,64,-60.21,OK
1776780675,pico_1,0.0032,2112,2176,64,-60.21,OK
1776780677,pico_1,0.0032,2112,2176,64,-60.21,OK
1776780679,pico_1,0.0032,2112,2176,64,-60.21,OK
1776780681,pico_1,0.0032,2112,2176,64,-60.21,OK
1776780683,pico_1,0.0024,2128,2176,48,-62.7,OK
1776780685,pico_1,0.0032,2112,2176,64,-60.21,OK
1776780687,pico_1,0.0032,2112,2176,64,-60.21,OK
1776780689,pico_1,0.0032,2112,2176,64,-60.21,OK
1776780692,pico_1,0.004,2112,2192,80,-58.27,OK
1776780694,pico_1,0.0032,2112,2176,64,-60.21,OK
1776780696,pico_1,0.0048,2112,2208,96,-56.68,OK
1776780698,pico_1,0.0032,2112,2176,64,-60.21,OK
1776780700,pico_1,0.0032,2112,2176,64,-60.21,OK
1776780702,pico_1,0.0032,2112,2176,64,-60.21,OK
1776780704,pico_1,0.0032,2112,2176,64,-60.21,OK
1776780706,pico_1,0.0032,2112,2176,64,-60.21,OK
1776780708,pico_1,0.0032,2112,2176,64,-60.21,OK
1776780711,pico_1,0.0032,2112,2176,64,-60.21,OK
1776780713,pico_1,0.004,2096,2176,80,-58.27,OK
1776780715,pico_1,0.004,2112,2192,80,-58.27,OK
1776780717,pico_1,0.0032,2128,2192,64,-60.21,OK
1776780719,pico_1,0.004,2112,2192,80,-58.27,OK
1776780721,pico_1,0.0032,2112,2176,64,-60.21,OK
1776780723,pico_1,0.0032,2112,2176,64,-60.21,OK
1776780725,pico_1,0.0032,2112,2176,64,-60.21,OK
1776780727,pico_1,0.0032,2112,2176,64,-60.21,OK
1776780730,pico_1,0.004,2096,2176,80,-58.27,OK
1776780732,pico_1,0.0097,1984,2176,192,-50.66,VARNING
1776780734,pico_1,0.004,2112,2192,80,-58.27,OK
1776780736,pico_1,0.0032,2112,2176,64,-60.21,OK
1776780738,pico_1,0.0032,2112,2176,64,-60.21,OK
1776780740,pico_1,0.0056,2080,2192,112,-55.35,OK
1776780742,pico_1,0.0032,2112,2176,64,-60.21,OK
1776780744,pico_1,0.0032,2112,2176,64,-60.21,OK
1776780746,pico_1,0.0032,2112,2176,64,-60.21,OK
1776780749,pico_1,0.0032,2112,2176,64,-60.21,OK
1776780751,pico_1,0.0032,2112,2176,64,-60.21,OK
1776780753,pico_1,0.0032,2112,2176,64,-60.21,OK
1776780755,pico_1,0.0032,2112,2176,64,-60.21,OK
1776780757,pico_1,0.0032,2112,2176,64,-60.21,OK
1776780759,pico_1,0.0032,2112,2176,64,-60.21,OK
1776780761,pico_1,0.0032,2112,2176,64,-60.21,OK
1776780763,pico_1,0.0032,2112,2176,64,-60.21,OK
1776780765,pico_1,0.0032,2112,2176,64,-60.21,OK
1776780768,pico_1,0.0032,2112,2176,64,-60.21,OK
1776780770,pico_1,0.0032,2112,2176,64,-60.21,OK
1776780772,pico_1,0.0032,2112,2176,64,-60.21,OK
1776780774,pico_1,0.0032,2112,2176,64,-60.21,OK
1776780776,pico_1,0.004,2112,2192,80,-58.27,OK
1776780778,pico_1,0.0032,2112,2176,64,-60.21,OK
1776780780,pico_1,0.0032,2112,2176,64,-60.21,OK
1776780782,pico_1,0.0032,2112,2176,64,-60.21,OK
1776780784,pico_1,0.0032,2112,2176,64,-60.21,OK
1776780787,pico_1,0.0032,2112,2176,64,-60.21,OK
1776780789,pico_1,0.0032,2112,2176,64,-60.21,OK
1776780791,pico_1,0.0032,2112,2176,64,-60.21,OK
1776780793,pico_1,0.0048,2112,2208,96,-56.68,OK
1776780795,pico_1,0.0032,2112,2176,64,-60.21,OK
1776780797,pico_1,0.004,2096,2176,80,-58.27,OK
1776780799,pico_1,0.0032,2112,2176,64,-60.21,OK
1776780801,pico_1,0.0032,2112,2176,64,-60.21,OK
1776780803,pico_1,0.004,2112,2192,80,-58.27,OK
1776780806,pico_1,0.0032,2112,2176,64,-60.21,OK
1776780808,pico_1,0.0032,2112,2176,64,-60.21,OK
1776780810,pico_1,0.0032,2112,2176,64,-60.21,OK
1776780812,pico_1,0.0032,2112,2176,64,-60.21,OK
1776780814,pico_1,0.0032,2112,2176,64,-60.21,OK
1776780816,pico_1,0.0032,2112,2176,64,-60.21,OK
1776780818,pico_1,0.0032,2112,2176,64,-60.21,OK
1776780820,pico_1,0.0032,2112,2176,64,-60.21,OK
1776780822,pico_1,0.0032,2112,2176,64,-60.21,OK
1776780825,pico_1,0.0024,2128,2176,48,-62.7,OK
1776780827,pico_1,0.0032,2112,2176,64,-60.21,OK
1776780829,pico_1,0.0032,2112,2176,64,-60.21,OK
1776780831,pico_1,0.004,2112,2192,80,-58.27,OK
1776780833,pico_1,0.0081,2096,2256,160,-52.25,VARNING
1776780835,pico_1,0.0032,2112,2176,64,-60.21,OK
1776780837,pico_1,0.0048,2112,2208,96,-56.68,OK
1776780839,pico_1,0.0032,2112,2176,64,-60.21,OK
1776780841,pico_1,0.0032,2112,2176,64,-60.21,OK
1776780844,pico_1,0.0032,2112,2176,64,-60.21,OK
1776780846,pico_1,0.0032,2112,2176,64,-60.21,OK
1776780848,pico_1,0.0032,2112,2176,64,-60.21,OK
1776780850,pico_1,0.0032,2112,2176,64,-60.21,OK
1776780852,pico_1,0.0032,2112,2176,64,-60.21,OK
1776780854,pico_1,0.0032,2112,2176,64,-60.21,OK
1776780856,pico_1,0.0032,2112,2176,64,-60.21,OK
1776780858,pico_1,0.0048,2096,2192,96,-56.68,OK
1776780860,pico_1,0.004,2096,2176,80,-58.27,OK
1776780863,pico_1,0.0032,2112,2176,64,-60.21,OK
1776780865,pico_1,0.004,2112,2192,80,-58.27,OK
1776780867,pico_1,0.004,2112,2192,80,-58.27,OK
1776780869,pico_1,0.0032,2112,2176,64,-60.21,OK
1776780871,pico_1,0.0032,2112,2176,64,-60.21,OK
1776780873,pico_1,0.0032,2112,2176,64,-60.21,OK
1776780875,pico_1,0.0032,2112,2176,64,-60.21,OK
1776780877,pico_1,0.0032,2112,2176,64,-60.21,OK
1776780879,pico_1,0.0032,2112,2176,64,-60.21,OK
1776780882,pico_1,0.004,2112,2192,80,-58.27,OK
1776780884,pico_1,0.0032,2112,2176,64,-60.21,OK
1776780886,pico_1,0.004,2112,2192,80,-58.27,OK
1776780888,pico_1,0.0032,2112,2176,64,-60.21,OK
1776780890,pico_1,0.0032,2112,2176,64,-60.21,OK
1776780892,pico_1,0.0032,2112,2176,64,-60.21,OK
1776780894,pico_1,0.0032,2112,2176,64,-60.21,OK
1776780896,pico_1,0.0032,2112,2176,64,-60.21,OK
1776780898,pico_1,0.0032,2112,2176,64,-60.21,OK
1776780901,pico_1,0.004,2112,2192,80,-58.27,OK
1776780903,pico_1,0.0032,2112,2176,64,-60.21,OK
1776780905,pico_1,0.0032,2112,2176,64,-60.21,OK
1776780907,pico_1,0.004,2112,2192,80,-58.27,OK
1776780909,pico_1,0.0032,2112,2176,64,-60.21,OK
1776780911,pico_1,0.0032,2112,2176,64,-60.21,OK
1776780913,pico_1,0.0032,2112,2176,64,-60.21,OK
1776780915,pico_1,0.0032,2112,2176,64,-60.21,OK
1776780917,pico_1,0.0073,2064,2208,144,-53.16,VARNING
1776780920,pico_1,0.0032,2112,2176,64,-60.21,OK
1776780922,pico_1,0.0032,2112,2176,64,-60.21,OK
1776780924,pico_1,0.0048,2096,2192,96,-56.68,OK
1776780926,pico_1,0.0032,2112,2176,64,-60.21,OK
1776780928,pico_1,0.0032,2112,2176,64,-60.21,OK
1776780930,pico_1,0.0032,2112,2176,64,-60.21,OK
1776780932,pico_1,0.0032,2112,2176,64,-60.21,OK
1776780934,pico_1,0.0032,2112,2176,64,-60.21,OK
1776780936,pico_1,0.0032,2112,2176,64,-60.21,OK
1776780939,pico_1,0.0032,2112,2176,64,-60.21,OK
1776780941,pico_1,0.0032,2112,2176,64,-60.21,OK
1776780943,pico_1,0.0032,2112,2176,64,-60.21,OK
1776780945,pico_1,0.0032,2112,2176,64,-60.21,OK
1776780947,pico_1,0.004,2112,2192,80,-58.27,OK
1776780949,pico_1,0.0032,2112,2176,64,-60.21,OK
1776780951,pico_1,0.0032,2112,2176,64,-60.21,OK
1776780953,pico_1,0.0032,2112,2176,64,-60.21,OK
1776780955,pico_1,0.0032,2112,2176,64,-60.21,OK
1776780958,pico_1,0.0032,2112,2176,64,-60.21,OK
1776780960,pico_1,0.004,2112,2192,80,-58.27,OK
1776780962,pico_1,0.0032,2112,2176,64,-60.21,OK
1776780964,pico_1,0.0032,2112,2176,64,-60.21,OK
1776780966,pico_1,0.0032,2112,2176,64,-60.21,OK
1776780968,pico_1,0.0024,2128,2176,48,-62.7,OK
1776780970,pico_1,0.0032,2112,2176,64,-60.21,OK
1776780972,pico_1,0.0064,2096,2224,128,-54.19,VARNING
1776780974,pico_1,0.0032,2112,2176,64,-60.21,OK
1776780977,pico_1,0.0032,2112,2176,64,-60.21,OK
1776780979,pico_1,0.004,2112,2192,80,-58.27,OK
1776780981,pico_1,0.0032,2112,2176,64,-60.21,OK
1776780983,pico_1,0.004,2112,2192,80,-58.27,OK
1776780985,pico_1,0.0032,2112,2176,64,-60.21,OK
1776780987,pico_1,0.0032,2112,2176,64,-60.21,OK
1776780989,pico_1,0.0032,2112,2176,64,-60.21,OK
1776780991,pico_1,0.0032,2112,2176,64,-60.21,OK
1776780993,pico_1,0.0032,2112,2176,64,-60.21,OK
1776780996,pico_1,0.0024,2128,2176,48,-62.7,OK
1776780998,pico_1,0.0032,2112,2176,64,-60.21,OK
1776781000,pico_1,0.0032,2112,2176,64,-60.21,OK
1776781002,pico_1,0.0032,2112,2176,64,-60.21,OK
1776781004,pico_1,0.004,2112,2192,80,-58.27,OK
1776781006,pico_1,0.0032,2112,2176,64,-60.21,OK
1776781008,pico_1,0.0016,2128,2160,32,-66.23,OK
1776781010,pico_1,0.0032,2112,2176,64,-60.21,OK
1776781013,pico_1,0.0032,2112,2176,64,-60.21,OK
1776781015,pico_1,0.0032,2112,2176,64,-60.21,OK
1776781017,pico_1,0.0032,2112,2176,64,-60.21,OK
1776781019,pico_1,0.0048,2080,2176,96,-56.68,OK
1776781021,pico_1,0.0032,2112,2176,64,-60.21,OK
1776781023,pico_1,0.0032,2112,2176,64,-60.21,OK
1776781025,pico_1,0.0032,2112,2176,64,-60.21,OK
1776781027,pico_1,0.004,2112,2192,80,-58.27,OK
1776781029,pico_1,0.0024,2128,2176,48,-62.7,OK
1776781032,pico_1,0.0032,2112,2176,64,-60.21,OK
1776781034,pico_1,0.0032,2112,2176,64,-60.21,OK
1776781036,pico_1,0.0032,2112,2176,64,-60.21,OK
1776781038,pico_1,0.0032,2112,2176,64,-60.21,OK
1776781040,pico_1,0.0032,2112,2176,64,-60.21,OK
1776781042,pico_1,0.0032,2112,2176,64,-60.21,OK
1776781044,pico_1,0.0032,2112,2176,64,-60.21,OK
1776781046,pico_1,0.0032,2112,2176,64,-60.21,OK
1776781048,pico_1,0.0024,2128,2176,48,-62.7,OK
1776781051,pico_1,0.0032,2112,2176,64,-60.21,OK
1776781053,pico_1,0.004,2112,2192,80,-58.27,OK
1776781055,pico_1,0.0032,2112,2176,64,-60.21,OK
1776781057,pico_1,0.0032,2112,2176,64,-60.21,OK
1776781059,pico_1,0.0032,2112,2176,64,-60.21,OK
1776781061,pico_1,0.0024,2128,2176,48,-62.7,OK
1776781063,pico_1,0.0024,2128,2176,48,-62.7,OK
1776781065,pico_1,0.0032,2112,2176,64,-60.21,OK
1776781067,pico_1,0.0032,2112,2176,64,-60.21,OK
1776781070,pico_1,0.004,2096,2176,80,-58.27,OK
1776781072,pico_1,0.0032,2112,2176,64,-60.21,OK
1776781074,pico_1,0.0032,2112,2176,64,-60.21,OK
1776781076,pico_1,0.0032,2112,2176,64,-60.21,OK
1776781078,pico_1,0.0032,2112,2176,64,-60.21,OK
1776781080,pico_1,0.0024,2128,2176,48,-62.7,OK
1776781082,pico_1,0.0097,2128,2320,192,-50.66,VARNING
1776781084,pico_1,0.0032,2112,2176,64,-60.21,OK
1776781086,pico_1,0.0032,2112,2176,64,-60.21,OK
1776781089,pico_1,0.0032,2112,2176,64,-60.21,OK
1776781091,pico_1,0.004,2112,2192,80,-58.27,OK
1776781093,pico_1,0.0032,2112,2176,64,-60.21,OK
1776781095,pico_1,0.0024,2128,2176,48,-62.7,OK
1776781097,pico_1,0.0024,2128,2176,48,-62.7,OK
1776781099,pico_1,0.0032,2112,2176,64,-60.21,OK
1776781101,pico_1,0.0032,2112,2176,64,-60.21,OK
1776781103,pico_1,0.0032,2112,2176,64,-60.21,OK
1776781105,pico_1,0.0032,2112,2176,64,-60.21,OK
1776781108,pico_1,0.0032,2112,2176,64,-60.21,OK
1776781110,pico_1,0.0032,2112,2176,64,-60.21,OK
1776781112,pico_1,0.0032,2112,2176,64,-60.21,OK
1776781114,pico_1,0.0032,2112,2176,64,-60.21,OK
1776781116,pico_1,0.0032,2112,2176,64,-60.21,OK
1776781118,pico_1,0.0032,2112,2176,64,-60.21,OK
1776781120,pico_1,0.0032,2112,2176,64,-60.21,OK
1776781122,pico_1,0.0032,2112,2176,64,-60.21,OK
1776781124,pico_1,0.0032,2112,2176,64,-60.21,OK
1776781127,pico_1,0.0024,2128,2176,48,-62.7,OK
1776781129,pico_1,0.0032,2112,2176,64,-60.21,OK
1776781131,pico_1,0.0032,2112,2176,64,-60.21,OK
1776781133,pico_1,0.0032,2112,2176,64,-60.21,OK
1776781135,pico_1,0.0032,2112,2176,64,-60.21,OK
1776781137,pico_1,0.0032,2112,2176,64,-60.21,OK
1776781139,pico_1,0.0032,2112,2176,64,-60.21,OK
1776781141,pico_1,0.0032,2112,2176,64,-60.21,OK
1776781143,pico_1,0.0024,2128,2176,48,-62.7,OK
